10,736,17,18893,3,2672,2,6,2091,18894,4930,0,0,0,0,0,0,0
216,294,3629,2,2682,3,18896,182,2430,7,4158,0,0,0,0,0,0,0
225,471,18898,1459,2,2435,56,348,5,50,0,0,0,0,0,0,0,0
929,5735,2,148,9,192,2,87,1093,1284,4,10179,3,2,2439,0,0,0
3640,1049,2699,74,102,38,186,7,896,2,807,1817,0,0,0,0,0,0
2269,728,1050,2,958,1627,10,16,168,537,4,615,0,0,0,0,0,0
335,29,2958,1631,10429,7,170,1098,1822,0,0,0,0,0,0,0,0,0
7548,2,1041,4,1969,10430,669,2,22,6010,2898,2277,0,0,0,0,0,0
225,14,6624,312,9,385,381,3,1045,182,1339,0,0,0,0,0,0,0
22,2,6954,1220,5,133,14,361,4216,3258,49,837,0,0,0,0,0,0
3264,18907,359,5,57,11,957,1547,0,0,0,0,0,0,0,0,0,0
722,5,1045,18909,7,309,182,1822,0,0,0,0,0,0,0,0,0,0
1534,81,860,5,225,1829,579,7,170,10,74,240,2478,186,0,0,0,0
722,5,1394,1829,38,52,8,762,43,309,182,1822,0,0,0,0,0,0
291,9,4953,10269,131,181,8,7251,762,2,153,0,0,0,0,0,0,0
225,25,353,5037,2104,2,312,5,713,8,7251,762,3,52,131,0,0,0
57,1739,7,309,6068,140,963,2,193,11,1649,0,0,0,0,0,0,0
4245,1412,34,335,18914,867,10,6738,5121,182,837,0,0,0,0,0,0,0
1090,2,5072,4,5073,7454,4,18916,1,2273,1622,2,285,182,1822,0,0,0
5076,6100,841,5077,4,4833,1689,252,68,22,7474,5,60,0,0,0,0,0
1984,2,1145,1826,36,935,229,2,285,7,292,59,0,0,0,0,0,0
1736,508,7,102,7,285,182,1132,0,0,0,0,0,0,0,0,0,0
593,464,18921,162,140,1056,963,7,285,0,0,0,0,0,0,0,0,0
3714,9,335,452,36,145,422,135,170,2,153,182,1132,0,0,0,0,0
7745,9,3646,2135,31,3671,82,148,25,379,0,0,0,0,0,0,0,0
225,1673,7058,18925,3,2699,7,5101,8,57,0,0,0,0,0,0,0,0
3009,2,1742,2,335,17,3236,10,1,133,182,2430,0,0,0,0,0,0
3714,5,18928,36,1224,2,63,644,8,76,762,2,118,0,0,0,0,0
1973,9,1468,10,2124,269,381,3,74,2493,186,7,118,0,0,0,0,0
5073,4269,235,4,335,29,2273,1622,10429,1540,1822,0,0,0,0,0,0,0
2445,238,3,2507,1050,25,958,1627,0,0,0,0,0,0,0,0,0,0
895,2,669,18933,515,9,780,9,5127,0,0,0,0,0,0,0,0,0
18935,2,792,349,5129,22,4599,21,7816,122,14,4304,0,0,0,0,0,0
413,2,379,23,3243,36,3312,7,372,182,1132,0,0,0,0,0,0,0
1658,2972,5,1420,17,7290,7,165,948,2,4308,0,0,0,0,0,0,0
1736,12,614,2512,2,792,508,7,260,131,7,372,0,0,0,0,0,0
673,1722,9,908,2,510,878,2,1018,0,0,0,0,0,0,0,0,0
3754,35,497,36,145,312,10,372,135,1749,0,0,0,0,0,0,0,0
1855,6357,34,3817,90,169,65,880,2,2298,2,1662,2774,0,0,0,0,0
780,1470,18943,38,928,7,372,10,74,52,374,4288,0,0,0,0,0,0
722,9,593,36,8957,348,4,17,3,514,135,540,2,861,0,0,0,0
1339,1503,3035,12,291,7,806,83,0,0,0,0,0,0,0,0,0,0
4351,65,2779,17,5189,21,31,305,11375,0,0,0,0,0,0,0,0,0
5179,5037,2104,2,398,5,57,10,63,89,0,0,0,0,0,0,0,0
1732,10214,1242,2,197,7940,253,12,1253,2,663,0,0,0,0,0,0,0
929,182,6,6248,1359,2,2006,8,3032,2,112,617,0,0,0,0,0,0
1613,5,655,65,3721,8,805,85,18950,10,319,3,593,0,0,0,0,0
18,6,1,57,1306,2,2258,0,0,0,0,0,0,0,0,0,0,0
1855,1540,5161,2,74,4370,253,7,2312,9,929,0,0,0,0,0,0,0
1057,2,392,8,805,18953,933,10,228,2,596,0,0,0,0,0,0,0
1242,35,860,3811,1829,43,596,4,1040,947,4384,0,0,0,0,0,0,0
1054,1988,5037,1001,4,356,2,1983,7,596,0,0,0,0,0,0,0,0
722,5,1045,238,3,1469,7,663,182,1822,0,0,0,0,0,0,0,0
556,18958,329,24,380,18959,182,2945,7494,0,0,0,0,0,0,0,0,0
5220,2511,18961,1655,2,782,10,1560,11,2330,0,0,0,0,0,0,0,0
56,818,1409,74,52,840,837,2459,3359,8,1620,0,0,0,0,0,0,0
2972,5,1420,5419,10,1720,2,341,2504,12,961,5,2758,0,0,0,0,0
1420,5015,6,57,269,604,2725,447,0,0,0,0,0,0,0,0,0,0
1671,4,5226,1290,283,572,3311,18,70,7,3053,182,6318,0,0,0,0,0
330,5565,364,4391,40,2331,18,3016,40,1,346,0,0,0,0,0,0,0
556,10431,1094,5,144,2797,4,4240,8060,6336,0,0,0,0,0,0,0,0
1401,18969,74,8070,274,253,7,446,5,3822,10,96,1468,0,0,0,0,0
2333,2,6342,18970,8,935,663,7,131,59,0,0,0,0,0,0,0,0
2958,3828,238,3,72,3312,7,1013,1098,1822,0,0,0,0,0,0,0,0
2330,7,1177,8078,1468,1175,4,275,5,57,0,0,0,0,0,0,0,0
335,2,1740,1462,3658,312,2,162,292,7,240,228,182,1822,0,0,0,0
402,182,14,37,3758,341,721,3,2465,2,385,0,0,0,0,0,0,0
722,5,907,824,1740,7,516,182,1003,9,2002,0,0,0,0,0,0,0
1041,35,497,18,691,1829,209,7,820,182,3329,0,0,0,0,0,0,0
1156,8,1825,4269,38,7,1013,1540,1132,0,0,0,0,0,0,0,0,0
225,728,10,540,1960,2,385,3,102,0,0,0,0,0,0,0,0,0
895,2,669,18978,3,515,2,691,9,528,0,0,0,0,0,0,0,0
1885,5254,3,1496,2,101,425,5,42,8,18980,5,0,0,0,0,0,0
1888,588,2,22,2,125,725,10,443,356,2977,5,60,0,0,0,0,0
153,133,18983,541,1086,8,76,1483,10,1338,0,0,0,0,0,0,0,0
408,5,346,949,8822,67,2867,4,3844,17,5,3845,0,0,0,0,0,0
5447,2,338,708,20,18986,4,3153,56,1484,0,0,0,0,0,0,0,0
268,950,143,7454,4,36,281,822,35,1367,3262,980,0,0,0,0,0,0
4423,92,2169,1502,2024,2025,4,438,7,384,0,0,0,0,0,0,0,0
289,3548,1,846,2,2813,115,8189,10,366,3,443,0,0,0,0,0,0
14498,3064,11,2301,2560,5,1504,419,299,18991,5,456,0,0,0,0,0,0
341,1075,1098,2352,12,3405,56,523,2,1586,0,0,0,0,0,0,0,0
11,355,3746,92,2169,5426,3,2024,7,384,793,0,0,0,0,0,0,0
5224,2,8215,643,4208,4,299,3860,37,8218,7,794,0,0,0,0,0,0
4465,238,23,106,10,10066,5313,360,2,2356,0,0,0,0,0,0,0,0
4212,3086,4467,8827,10,809,2845,10,1,1752,8236,0,0,0,0,0,0,0
8242,24,3088,3115,5,2344,1098,208,5,8237,0,0,0,0,0,0,0,0
708,3096,3095,55,19001,2,2072,9,1297,5,243,0,0,0,0,0,0,0
408,5,346,3419,5199,420,23,949,8264,2061,5,2038,0,0,0,0,0,0
6480,728,91,196,12,377,4,3424,19004,1,5331,18,181,3,52,0,0,0
64,36,2363,6493,4,1911,17,2544,29,5335,0,0,0,0,0,0,0,0
112,223,7425,513,580,119,5,143,4,31,721,7,931,0,0,0,0,0
656,5341,697,19007,6,1122,1191,14,20,1341,0,0,0,0,0,0,0,0
46,84,5929,4496,221,4,4833,1110,5,144,12235,0,0,0,0,0,0,0
11,19010,2,1914,397,2724,4505,4,3609,2596,0,0,0,0,0,0,0,0
2597,2,19012,345,19013,19014,19015,2,4511,6,9067,0,0,0,0,0,0,0
3100,6532,3892,2,74,2288,140,18,58,8,4479,49,543,4480,0,0,0,0
83,4521,2,8334,5848,114,5,3444,65,4610,2,3893,0,0,0,0,0,0
408,5,346,1190,10432,11,1681,4,1127,78,10,1,622,0,0,0,0,0
316,19020,22,13,393,9,317,2,19021,673,3,980,0,0,0,0,0,0
402,10433,1665,2,4527,65,3,55,19023,8349,3,0,0,0,0,0,0,0
83,8353,1974,1685,2944,21,20,7781,4,1798,1,143,5,243,7,155,0,0
416,2595,4929,11,708,19026,212,6,0,0,0,0,0,0,0,0,0,0
1259,2505,47,55,57,2,19028,19029,3,5372,2,8365,0,0,0,0,0,0
4230,1,98,5,57,27,3908,182,437,1569,0,0,0,0,0,0,0,0
1322,2061,2,1915,4,1162,508,549,2,3776,106,7,369,2,285,0,0,0
11,100,8,132,397,1798,957,6573,4,31,4857,12,3118,0,0,0,0,0
2375,1563,451,196,21,567,1861,4,230,1798,3912,0,0,0,0,0,0,0
600,19035,1558,2,1681,4,19036,336,10,3015,11,1,257,0,0,0,0,0
1593,10,1,6772,3914,32,3153,8,1323,19038,15,0,0,0,0,0,0,0
2379,6588,494,9,93,114,2,4554,12,799,38,8,570,25,353,2,1006,0
330,2,792,5418,6,626,19041,16,157,107,47,1324,0,0,0,0,0,0
408,5,346,3100,508,8,308,4,5404,122,396,1,257,0,0,0,0,0
1905,2577,841,7,1584,4,4567,4,2578,109,0,0,0,0,0,0,0,0
2125,18,4308,7,636,971,5,3444,36,487,0,0,0,0,0,0,0,0
8,76,1226,5,42,775,17,2018,29,3926,57,0,0,0,0,0,0,0
7,3933,227,887,269,1490,11,3420,257,166,9,1200,0,0,0,0,0,0
83,550,6611,1882,7,198,4,19048,69,547,11,1,1690,0,0,0,0,0
419,9,1324,6,498,12,330,671,1161,118,7,669,0,0,0,0,0,0
2963,6,28,205,812,469,17,28,234,19051,697,442,263,0,0,0,0,0
8464,6623,1629,19053,19054,8,985,56,488,0,0,0,0,0,0,0,0,0
2375,2110,157,276,12,2224,9,142,2,751,21,2608,901,230,0,0,0,0
11,10173,2,3474,1681,1141,23,1190,19057,10,220,7,66,19058,0,0,0,0
11,680,263,4,657,1196,315,3609,3,92,5,60,7,153,0,0,0,0
3950,4,747,19060,3160,34,908,2,623,2,450,9,799,38,0,0,0,0
1444,1141,2,3952,3,4592,4,10434,7,6785,0,0,0,0,0,0,0,0
2,1166,257,792,1207,1,775,4,1502,1,308,81,755,0,0,0,0,0
1263,5,2361,4478,9372,19064,56,563,2863,12,3118,0,0,0,0,0,0,0
4601,4415,1116,24,4602,4,3961,19066,722,8,846,0,0,0,0,0,0,0
224,68,3485,4,4603,3486,17,2149,10,106,8,57,7,285,0,0,0,0
893,1204,2214,8,1249,75,4,841,11,1266,10,1480,1,1190,0,0,0,0
2279,5,3973,458,20,4800,23,3102,65,1,79,10435,0,0,0,0,0,0
18,908,5,623,2066,299,1938,4593,7,485,859,0,0,0,0,0,0,0
1895,7,846,2,3139,731,289,1760,10436,0,0,0,0,0,0,0,0,0
1593,8559,1127,1503,472,7,278,8,3344,19073,96,2,0,0,0,0,0,0
3818,2,6684,1794,17,1870,5,1105,9,454,38,0,0,0,0,0,0,0
392,12,5484,2581,78,699,2,4328,5483,4,6368,5,3111,0,0,0,0,0
2880,5327,1795,6050,839,4,7454,47,952,9,55,5,57,0,0,0,0,0
115,5915,9,377,8,565,5487,19078,3499,112,1190,0,0,0,0,0,0,0
4764,9,55,19080,2,6700,2,2375,4,708,19081,2,244,2,1905,0,0,0
1273,182,6,338,2,345,10436,648,2,19083,44,55,7,0,0,0,0,0
1854,295,3049,2622,10437,642,4,19086,2203,0,0,0,0,0,0,0,0,0
10438,1269,1207,1,6732,4,238,3,19088,8,3384,0,0,0,0,0,0,0
12931,803,2,1835,19090,19091,479,8,3509,7,794,0,0,0,0,0,0,0
1380,9067,3894,8,893,21,10439,19093,58,17,0,0,0,0,0,0,0,0
857,84,238,3,6745,893,1798,1104,4,299,952,40,3344,0,0,0,0,0
12,377,2,1444,3445,36,210,848,19096,728,4,985,1207,0,0,0,0,0
1037,10440,4000,19098,6,171,4647,1,751,120,0,0,0,0,0,0,0,0
8693,3548,1,846,9,142,4648,19100,508,22,0,0,0,0,0,0,0,0
81,6755,4652,4653,19102,533,9,55,4,1832,119,12,5528,0,0,0,0,0
1376,14,5565,488,299,4791,19104,4,17,0,0,0,0,0,0,0,0,0
3519,1141,23,143,10,3143,683,2,1136,4,773,10,106,3140,0,0,0,0
5540,20,1832,2,3923,2,8734,4,901,6639,1184,22,0,0,0,0,0,0
42,268,3507,2877,832,1798,2418,252,56,5547,2,936,4,0,0,0,0,0
1677,8725,28,1635,3,10016,2,4668,5550,48,491,59,32,1636,13529,0,0,0
11,912,3360,178,1798,316,4,828,3,55,792,0,0,0,0,0,0,0
1305,4,1127,1152,520,21,10441,1,6798,10,1445,0,0,0,0,0,0,0
2721,321,5426,1910,9,1403,9,317,775,0,0,0,0,0,0,0,0,0
83,254,512,10,1594,1799,12,1210,828,1,1471,9,729,0,0,0,0,0
1574,182,6,32,409,5185,911,4660,20,1064,1215,5,106,0,0,0,0,0
2827,19114,3,1915,4,1511,273,5,100,7,58,5,2397,0,0,0,0,0
13272,1794,4,8808,4230,4688,443,7,13269,0,0,0,0,0,0,0,0,0
2227,299,212,76,544,6582,4,1563,10,3530,2633,7,3136,0,0,0,0,0
1319,6827,4609,261,2,74,5082,140,18,1312,4,110,9,323,0,0,0,0
458,8235,72,8816,7,100,504,19119,8818,19120,0,0,0,0,0,0,0,0
19121,2401,17,4020,492,10,524,8820,0,0,0,0,0,0,0,0,0,0
1789,2,1084,1569,2193,1245,4,10426,10,16,353,77,188,41,0,0,0,0
5590,182,6,1324,845,6,26,6845,3,2881,8,165,1517,0,0,0,0,0
248,19125,1975,3252,4,405,2037,6898,22,5,456,5,3419,0,0,0,0,0
1583,9,4721,2785,2314,47,5596,19127,11,3,573,0,0,0,0,0,0,0
1305,14,5696,144,4,19129,18,2037,19130,6,6869,1,0,0,0,0,0,0
343,1136,1503,1039,732,2043,71,56,338,2,8298,0,0,0,0,0,0,0
345,3153,8,141,4,122,366,3,220,136,5,1721,2739,0,0,0,0,0
230,344,2724,782,5,268,2195,19134,14145,0,0,0,0,0,0,0,0,0
8894,6729,3609,132,2,266,4,299,8895,19136,0,0,0,0,0,0,0,0
330,2,792,19138,371,125,1378,40,626,4,19139,1745,0,0,0,0,0,0
4522,1034,3,814,8,949,21,508,166,2,1125,2,214,0,0,0,0,0
5268,6381,4963,8905,321,4,4609,76,751,7,118,0,0,0,0,0,0,0
4038,1321,7,10442,19143,21,513,512,12,92,0,0,0,0,0,0,0,0
8,76,58,7,155,8,42,308,488,1,264,2,1166,0,0,0,0,0
437,728,12,3894,4,227,4833,1110,5371,12,438,0,0,0,0,0,0,0
1108,9,2646,19147,3,80,4,2881,16,6902,18,6272,7,1803,0,0,0,0
4716,4157,5620,21,182,6,178,14,4647,311,9790,0,0,0,0,0,0,0
13602,8926,4,5626,759,25,217,36,19150,4,7461,0,0,0,0,0,0,0
3387,149,19152,2408,2231,4,3003,19153,549,5,19154,13652,0,0,0,0,0,0
92,5466,21,14,20,19156,11,1,10442,9,19157,8,97,0,0,0,0,0
3691,2,1169,4,307,20,19158,7,1879,65,4050,12,399,0,0,0,0,0
11,44,145,885,57,36,282,3,155,842,12,759,1072,0,0,0,0,0
1383,7204,1354,11,1445,4,19161,3549,19162,0,0,0,0,0,0,0,0,0
310,19164,1,465,2,3927,3378,1207,4,2030,1,1436,7,88,0,0,0,0
11,100,5,111,141,64,1153,2908,25,196,1279,0,0,0,0,0,0,0
926,6500,21,11,2713,17,5349,12,1927,2,923,0,0,0,0,0,0,0
12172,5,46,84,5688,10,1022,1519,4,2677,40,1790,0,0,0,0,0,0
626,5898,882,5,64,118,83,3,770,9,664,0,0,0,0,0,0,0
10,2455,1378,665,4294,1161,2,118,0,0,0,0,0,0,0,0,0,0
2629,5930,56,1771,523,1023,12,317,9,4397,0,0,0,0,0,0,0,0
1426,1994,10432,11,1,3122,799,1318,4,78,1268,12,5463,2166,6886,0,0,0
1795,4,1687,792,10443,4,7040,1259,35,1330,5,243,211,0,0,0,0,0
387,6,432,5,159,2596,7203,210,244,4,665,2285,1,1190,3344,0,0,0
2550,6988,1503,2233,12,55,4,567,4063,3,1056,6551,0,0,0,0,0,0
2375,1629,10,19176,1603,7,2842,19177,29,6,299,7,0,0,0,0,0,0
10353,11,5169,511,2,19179,4,926,1153,76,751,0,0,0,0,0,0,0
1911,19181,25,2910,2944,496,48,1653,4,671,3876,2623,0,0,0,0,0,0
5679,508,3,15,114,9,735,255,5,2015,2,2811,2348,0,0,0,0,0
1364,4,656,10438,4,19184,112,5882,7,88,3189,0,0,0,0,0,0,0
7006,5685,20,7365,65,501,3253,2,1380,124,2847,0,0,0,0,0,0,0
1790,6679,198,11,1,316,4,46,84,4305,1147,0,0,0,0,0,0,0
11,7013,1485,1526,5441,946,4,10273,3,19188,19189,879,3,152,0,0,0,0
83,3,2028,4629,1037,4,456,36,1600,1328,12,1931,0,0,0,0,0,0
1773,14,39,239,19192,182,667,406,56,2451,14565,0,0,0,0,0,0,0
35,1096,901,4112,5,921,11,1166,1892,0,0,0,0,0,0,0,0,0
1603,4638,4760,7,1896,203,6079,3501,12,92,0,0,0,0,0,0,0,0
71,2981,2,19196,3061,4157,19197,6639,305,0,0,0,0,0,0,0,0,0
5702,2,10384,19199,5579,6,1829,11,24,1332,65,9219,0,0,0,0,0,0
9263,4074,2027,526,4,19201,3878,2,1028,2159,0,0,0,0,0,0,0,0
1038,1563,10,2237,8,143,7,94,9246,18,348,2,2718,0,0,0,0,0
921,2459,3,9254,25,353,4,299,3,88,5,4059,40,3,2024,0,0,0
2056,1760,19205,18,541,4,2055,230,8,3384,19206,1,0,0,0,0,0,0
1028,14,5735,2,1366,40,3161,2632,19208,431,164,0,0,0,0,0,0,0
18,5717,12,552,4772,20,9618,2,19210,4,299,1772,2,1970,0,0,0,0
732,7,155,1572,10443,304,1247,2,585,4,600,0,0,0,0,0,0,0
11,2956,4,2915,12,4777,1136,2847,19213,16,67,12,486,0,0,0,0,0
4038,17,1179,2,19215,56,1266,5,178,19216,342,0,0,0,0,0,0,0
11,100,8,132,227,688,1207,1,2219,2,1166,4,828,479,0,0,0,0
143,2,170,6663,2060,4,1738,2037,10,1,10030,9,1274,0,0,0,0,0
708,182,6,2590,9993,43,7,155,19220,424,0,0,0,0,0,0,0,0
981,19222,47,909,1155,2,52,3784,2,2653,40,530,0,0,0,0,0,0
114,17,9976,12,330,18,7078,9311,2,74,38,102,1554,0,0,0,0,0
1606,35,5731,14,19,76,2451,2,2653,40,530,709,0,0,0,0,0,0
3511,66,1808,2,98,211,1629,633,8,0,0,0,0,0,0,0,0,0
1790,20,182,3401,34,377,4,10433,883,11,316,0,0,0,0,0,0,0
1383,10440,9329,3835,4,1629,10,528,19228,57,625,0,0,0,0,0,0,0
1444,1629,8485,40,1,227,19230,136,9,739,4,9,0,0,0,0,0,0
9335,2874,3988,2688,4,2076,5737,5426,16,7087,34,2854,0,0,0,0,0,0
5739,4157,5741,12,1773,4,2612,1381,3915,18,2653,0,0,0,0,0,0,0
40,3,858,884,4,890,19234,479,7,224,2,19235,4,0,0,0,0,0
591,5898,1088,5,165,5750,4,19237,19238,19239,15,0,0,0,0,0,0,0
73,2,652,4711,8842,19241,10,20,0,0,0,0,0,0,0,0,0,0
112,585,4789,299,67,4,5753,1798,3576,29,144,5,1190,0,0,0,0,0
132,9,4596,2,9393,654,697,6,1444,9394,1603,8,214,0,0,0,0,0
1084,1511,7,980,34,6478,90,56,523,4,182,19245,0,0,0,0,0,0
577,2,853,5,143,19247,2,74,89,140,3,223,2,394,59,0,0,0
9411,9412,643,9414,8,462,9,3943,734,5,9410,0,0,0,0,0,0,0
463,7439,7942,9678,65,1686,5,60,7,5760,10,14952,0,0,0,0,0,0
1190,1003,1863,2293,4,10280,7,1992,3158,2,3100,47,44,1075,0,0,0,0
585,2724,4007,2,9429,27,1593,10,1,69,66,2,19251,181,0,0,0,0
6996,4096,4797,5766,5765,4,22,8,19253,9,19254,6359,0,0,0,0,0,0
4290,19255,3579,3,458,3774,4,671,3419,2995,12,624,0,0,0,0,0,0
5381,19257,24,5768,2,1380,19258,686,4,14,61,0,0,0,0,0,0,0
336,9,3580,4157,2042,21,10439,19260,17,548,2,0,0,0,0,0,0,0
5,106,1609,36,1191,4,2053,2601,2,19262,0,0,0,0,0,0,0,0
832,19264,11,3157,4,122,37,147,4,4120,180,0,0,0,0,0,0,0
56,5294,7,46,84,1202,2,1935,1141,3,4102,737,5688,0,0,0,0,0
680,263,1153,2172,4,5761,19267,23,1436,56,807,758,2,5817,0,0,0,0
16322,4064,728,2,9482,1812,1207,12,377,7,2076,0,0,0,0,0,0,0
736,19270,17,19271,9,387,25,392,7,1409,0,0,0,0,0,0,0,0
1292,4062,1636,20,19273,11,223,7,2134,0,0,0,0,0,0,0,0,0
5714,2735,68,2416,4,1575,1026,19275,106,1162,0,0,0,0,0,0,0,0
1998,2,680,263,1098,9500,6,449,10444,0,0,0,0,0,0,0,0,0
267,5,585,1168,374,19278,4,17,1541,10,637,0,0,0,0,0,0,0
15292,1,70,6,3096,5788,2787,4,2176,19280,3,3226,0,0,0,0,0,0
4435,46,9349,56,1125,12,759,2649,7,178,0,0,0,0,0,0,0,0
18100,1385,1830,1661,3387,8,2382,5169,82,19283,411,1,9512,0,0,0,0,0
326,5,1190,12,624,2944,11,3560,3559,8,1492,0,0,0,0,0,0,0
1271,2,1575,1026,19286,1237,2416,11,1,5718,15356,0,0,0,0,0,0,0
345,85,2872,2,3330,1477,9,626,11,904,9,92,0,0,0,0,0,0
1905,19289,1928,10,19290,349,618,2,220,3,55,0,0,0,0,0,0,0
1273,679,1832,5720,9,315,65,392,5169,1005,0,0,0,0,0,0,0,0
1,6,17,5792,5016,9,5667,14,17,5742,10,329,242,0,0,0,0,0
345,299,67,884,1798,1,3423,21,1661,3496,11,338,2,3575,0,0,0,0
11,420,640,1629,2519,2,2598,23,949,0,0,0,0,0,0,0,0,0
2236,1086,2918,47,2388,4,20,9419,8,782,7178,0,0,0,0,0,0,0
1333,299,9551,11,7182,9557,2,2244,6,14,1116,4599,4,567,4818,0,0,0
1191,78,2075,110,4079,10,2964,30,1,983,282,0,0,0,0,0,0,0
2801,19298,848,2,345,19299,7183,0,0,0,0,0,0,0,0,0,0,0
39,2155,11,572,4107,9,799,38,19301,37,0,0,0,0,0,0,0,0
28,431,19303,182,9575,2,240,59,6,989,97,1168,374,0,0,0,0,0
1370,5,3419,10441,58,368,10,66,9,126,919,5,143,0,0,0,0,0
15292,4821,1563,3,399,4,19306,1,3172,2,4822,0,0,0,0,0,0,0
7,749,5,5799,5,2661,9,1429,1258,808,4553,11,112,1259,0,0,0,0
747,5484,1929,102,8,2245,4,182,14,20,19307,11,2646,4,993,0,0,0
4052,671,3,92,149,503,6635,863,7,1783,4,5061,0,0,0,0,0,0
47,808,2,7421,9,330,267,701,1629,10435,5672,0,0,0,0,0,0,0
343,2246,6013,1,230,344,4,2207,2865,5174,0,0,0,0,0,0,0,0
6507,4116,30,5735,4,1888,2030,19311,12,88,7,2076,0,0,0,0,0,0
106,3609,110,68,478,5,914,437,2541,51,5802,4828,0,0,0,0,0,0
437,417,36,628,2,196,962,3,345,12,184,0,0,0,0,0,0,0
1258,175,11,721,2,112,3030,4,567,1160,10,563,1,5799,5,0,0,0
772,4651,4157,1,4832,21,2055,1,178,27,2206,0,0,0,0,0,0,0
1930,19317,661,25,4778,5,227,688,3,4779,0,0,0,0,0,0,0,0
10519,4087,4,8170,2,114,411,3,177,279,2,571,0,0,0,0,0,0
566,3960,4357,1276,2,4528,7214,56,132,35,694,0,0,0,0,0,0,0
2,2421,4,2364,92,5793,683,7,4592,0,0,0,0,0,0,0,0,0
3533,19322,1151,10,381,23,106,4,37,456,2,2241,0,0,0,0,0,0
1367,7222,4,10381,1362,317,2243,3,13,70,9,923,0,0,0,0,0,0
566,19325,3187,7,317,4371,2918,45,995,168,0,0,0,0,0,0,0,0
1765,11,38,42,4,389,228,9672,17,2347,2,79,12,2042,0,0,0,0
1677,4073,19327,8,70,9,6773,19328,1287,2,0,0,0,0,0,0,0,0
1436,4305,1884,2,5817,10,553,2,238,40,1,994,0,0,0,0,0,0
258,8,2666,84,992,2325,19331,17,2185,14,545,27,0,0,0,0,0,0
18,2112,19333,315,9191,884,2,3978,18,15,184,0,0,0,0,0,0,0
8,2648,778,349,377,5,112,2516,2,747,12,993,0,0,0,0,0,0
1909,2,3474,1854,6710,2554,12,717,9,19335,2659,0,0,0,0,0,0,0
778,1629,3987,3,747,4,4852,19337,11,16,0,0,0,0,0,0,0,0
2924,2228,1121,2,418,4,129,1502,2085,3594,8,921,0,0,0,0,0,0
8,6354,1228,19340,23,4856,4,19341,7246,7,209,228,0,0,0,0,0,0
2589,3003,9728,2,5829,4,1249,3630,2,89,168,5130,74,405,140,0,0,0
12,19344,673,3,511,35,535,11,738,8,132,2,213,0,0,0,0,0
6007,51,5,1082,1190,12,1110,4,6404,45,7255,6994,0,0,0,0,0,0
975,7264,1563,125,427,2,3477,12,2224,5,231,195,156,0,0,0,0,0
3176,2906,1466,905,9772,2,345,40,1,5282,7863,0,0,0,0,0,0,0
117,9,626,567,2,6391,10,1990,9,1324,19349,85,0,0,0,0,0,0
3445,1511,27,19351,7099,9,306,7,511,0,0,0,0,0,0,0,0,0
4522,567,1861,5837,728,67,21,949,4484,11,5513,0,0,0,0,0,0,0
949,5914,533,299,238,1072,4,19355,4130,56,19356,950,143,0,0,0,0,0
419,5930,56,1771,339,5440,8,158,136,2,1125,0,0,0,0,0,0,0
267,9,2042,2383,3,9786,4,39,166,9,55,5,60,0,0,0,0,0
11,821,1451,1798,1364,4,828,1,4112,5,707,9,1429,0,0,0,0,0
1586,299,1164,4525,4,6040,7275,182,1863,1547,0,0,0,0,0,0,0,0
345,65,1435,8,884,19362,6,176,8,0,0,0,0,0,0,0,0,0
3428,20,2614,2,9801,9,355,3003,4,5929,1,4436,0,0,0,0,0,0
4869,1798,5786,4,4080,512,5,600,2,72,101,912,0,0,0,0,0,0
4871,8857,4,143,7199,1,1440,166,2,155,0,0,0,0,0,0,0,0
2246,9328,1091,10445,994,1207,1436,4,78,47,952,0,0,0,0,0,0,0
5517,17,7235,18,19368,4,1153,9869,2,405,228,0,0,0,0,0,0,0
127,5,775,19370,11,310,5,46,343,411,382,0,0,0,0,0,0,0
1655,9,1978,3098,2,98,14,4080,92,9,55,0,0,0,0,0,0,0
55,1762,1888,8446,978,2,1126,3,438,40,1,57,0,0,0,0,0,0
3249,2,1405,23,5850,109,996,37,7216,56,3,55,0,0,0,0,0,0
56,1,5799,1839,791,4,19375,12,796,5,951,23,1993,0,0,0,0,0
14,103,19376,182,3913,65,4088,2,124,8,5385,0,0,0,0,0,0,0
86,148,5,141,2,355,4,299,3461,19378,12,438,0,0,0,0,0,0
4134,1069,19380,1384,11,9867,8,106,7,2926,3206,0,0,0,0,0,0,0
520,1673,3970,490,2,8210,12,528,4,17,9854,18,1048,0,0,0,0,0
9,315,4741,1360,2347,8,6935,4,2498,740,646,0,0,0,0,0,0,0
4134,1069,65,1384,19384,15,2408,163,17,620,87,0,0,0,0,0,0,0
3598,5863,3214,1079,4,19386,4879,2667,7,113,967,1588,0,0,0,0,0,0
136,2,169,40,1,324,230,5929,1,7310,4,10222,456,0,0,0,0,0
7,19389,10,259,19390,599,4,1687,792,9344,18,233,9,1274,0,0,0,0
1037,9470,2668,487,4,4609,3,44,126,114,27,1020,0,0,0,0,0,0
16623,5864,1798,1,619,933,4,828,3,2420,7,9914,0,0,0,0,0,0
2423,2929,78,524,4411,304,111,1932,5,975,2301,0,0,0,0,0,0,0
1914,19395,56,100,1628,19396,40,1,0,0,0,0,0,0,0,0,0,0
437,417,238,1563,856,2061,2205,4,227,1207,1,2812,0,0,0,0,0,0
56,7000,2,1037,456,508,11,1203,9935,4,182,19399,0,0,0,0,0,0
397,3609,954,4,78,2187,3,5239,9,94,88,5,565,0,0,0,0,0
45,353,4046,20,3819,11,5870,10,403,65,3,92,0,0,0,0,0,0
1693,3209,4,1,8787,505,25,2033,19403,1775,1,7332,0,0,0,0,0,0
8144,11,7339,4474,2,5873,4,912,2546,3,485,0,0,0,0,0,0,0
1907,2325,6,31,2027,1032,8,4013,21,513,366,3,457,286,0,0,0,0
83,2375,2056,5327,230,1207,1,884,4,17,147,9,55,5,707,0,0,0
2660,19408,9,55,36,1157,4,1738,1642,4392,12,614,2,4140,0,0,0,0
1499,671,19410,2,1610,4,182,20,26,2405,6,455,1,71,0,0,0,0
56,855,5875,4,4886,2843,78,277,8,2752,1838,725,3484,0,0,0,0,0
3604,349,2916,5878,7349,4888,3595,4,7350,3483,6958,0,0,0,0,0,0,0
4890,238,23,57,10,19413,3,792,2134,2240,4,1421,0,0,0,0,0,0
646,2315,17,3518,11,55,5,60,7,358,1162,0,0,0,0,0,0,0
1018,17,1,714,6,19415,19416,182,4893,5881,0,0,0,0,0,0,0,0
11,705,2,1360,1667,8,3524,2539,4894,1798,1,1659,0,0,0,0,0,0
3196,3064,2084,4,3156,19419,3,511,25,1308,22,0,0,0,0,0,0,0
437,417,4,2645,10445,227,1207,1,3077,4,989,526,8,230,0,0,0,0
971,7,1006,406,3,2089,1098,1354,11,338,2,345,0,0,0,0,0,0
1108,2,341,80,9,799,38,3960,2507,377,12,301,10,1338,0,0,0,0
1443,8751,8,270,490,1207,1322,4,841,2,244,8,1082,0,0,0,0,0
3917,5883,1854,1160,2,571,48,3772,281,7356,0,0,0,0,0,0,0,0
2727,20,7365,11,690,65,917,109,972,12,624,0,0,0,0,0,0,0
49,1236,317,39,3734,8178,673,1532,3816,0,0,0,0,0,0,0,0,0
19121,684,19426,3599,51,3600,10,1,70,473,2,327,0,0,0,0,0,0
10047,14,513,22,770,5,623,81,1876,447,105,19428,0,0,0,0,0,0
411,16,636,9,93,296,5,384,3604,118,0,0,0,0,0,0,0,0
296,520,2,288,728,303,22,4788,9,5886,4899,4325,0,0,0,0,0,0
310,5,884,2055,740,646,27,3008,10,3143,355,0,0,0,0,0,0,0
1360,299,100,9,114,5,1690,65,1,1269,12,430,809,0,0,0,0,0
1071,8797,10075,2,1701,26,20,2558,10078,1576,2,429,0,0,0,0,0,0
562,2,5654,5,949,901,1433,3,4902,5889,182,654,0,0,0,0,0,0
2872,1078,3211,2669,5441,946,2,1525,7,2402,45,353,0,0,0,0,0,0
19121,112,147,50,534,4903,4904,238,23,684,0,0,0,0,0,0,0,0
58,11,112,217,25,400,2,792,7439,1960,5,2562,2,571,0,0,0,0
169,8,4744,599,1502,2670,18,479,81,750,2,88,0,0,0,0,0,0
1701,1829,10,347,4,4146,19438,10,6903,7,610,5,684,0,0,0,0,0
1440,19440,11,4907,4,278,695,10,3,341,184,0,0,0,0,0,0,0
531,772,122,19442,1504,12,952,40,1,2117,0,0,0,0,0,0,0,0
1066,4539,1760,953,2,1070,1813,4,5898,5894,29,133,0,0,0,0,0,0
1498,1760,338,8314,205,2,1080,2126,10,3,55,0,0,0,0,0,0,0
215,2,2057,1129,2225,2347,7,121,47,1508,10,3,55,0,0,0,0,0
1427,1071,409,1304,281,374,276,1,1975,2,1701,8,106,2078,0,0,0,0
6631,7268,4,10139,8,2638,600,2944,11,19446,12,0,0,0,0,0,0,0
324,10444,248,19448,3,2423,40,1,2812,0,0,0,0,0,0,0,0,0
3,415,168,2,377,452,317,316,36,1464,7214,0,0,0,0,0,0,0
2155,857,667,5764,2,3213,19451,6,0,0,0,0,0,0,0,0,0,0
315,6357,5089,2,1433,10,119,9,55,7,942,1414,0,0,0,0,0,0
4845,452,9,317,2243,17,4079,22,15,90,29,1688,0,0,0,0,0,0
747,7003,2832,8,97,2,799,38,4,1173,368,532,8,2555,0,0,0,0
804,11,1433,315,3334,1157,2,797,4,2,17455,0,0,0,0,0,0,0
892,5,2775,2,7393,2,1755,5930,7,523,2,494,0,0,0,0,0,0
2441,571,1192,4064,541,2,4911,4,3974,3,266,12,993,0,0,0,0,0
5897,5929,7,224,947,20,19459,8,3195,131,4,1116,397,4849,166,0,0,0
7122,7,1928,3565,4912,4913,17,2125,18,13,42,0,0,0,0,0,0,0
1608,6133,3097,2,1461,4,78,47,7395,2,10170,136,9,55,0,0,0,0
12172,5,599,36,728,769,2,2068,4,7396,4368,0,0,0,0,0,0,0
656,2087,2558,4100,4,1207,34,156,90,12,799,89,57,0,0,0,0,0
4093,16,3985,10,24,750,2,88,5,10184,9,17571,0,0,0,0,0,0
1038,17,5676,18,4149,5900,4,39,166,5,3201,7399,2,2552,0,0,0,0
12172,5,893,791,2045,10189,4,4483,2,9057,5,97,0,0,0,0,0,0
2618,4914,19469,2077,1207,19470,4,2817,1513,1159,0,0,0,0,0,0,0,0
23,531,2,494,6,4911,19472,1275,299,5901,7,0,0,0,0,0,0,0
56,2588,66,5,3612,148,10,376,5,1068,673,1,382,0,0,0,0,0
4915,2347,7,345,27,1,268,19475,19476,27,1393,0,0,0,0,0,0,0
1761,2914,1502,3171,4889,8,5902,102,57,7,327,0,0,0,0,0,0,0
10,2924,2228,427,5904,5,106,172,1756,3,4801,0,0,0,0,0,0,0
4916,901,3422,8,1421,56,924,5,2038,0,0,0,0,0,0,0,0,0
1684,2785,1015,56,980,11,223,5,1659,14,455,7406,0,0,0,0,0,0
5906,20,9664,3,1811,7,6411,2,1121,2,1276,8,2989,0,0,0,0,0
345,17,3518,7,5946,8,1744,2,3053,0,0,0,0,0,0,0,0,0
56,338,2654,4929,11,238,5810,1,10225,2,814,0,0,0,0,0,0,0
10229,5,988,7,1265,4929,11,952,40,1,257,0,0,0,0,0,0,0
2315,4103,697,5543,17,13,104,83,10403,7125,0,0,0,0,0,0,0,0
4732,19483,1033,769,4,4929,11,2559,2,19484,2,456,0,0,0,0,0,0
3247,19486,21,10236,1034,277,635,11,5203,0,0,0,0,0,0,0,0,0
476,1965,5,951,19488,4081,5,58,40,1,591,0,0,0,0,0,0,0
310,10232,3392,7,158,4,58,1682,17,9912,12,10239,0,0,0,0,0,0
389,140,2663,19491,4,31,19492,12,169,9,430,809,0,0,0,0,0,0
9928,3603,2161,1934,588,1080,2126,11,1,6,1321,0,0,0,0,0,0,0
56,396,106,4,975,2930,1448,20,671,2218,2,17878,0,0,0,0,0,0
1930,4157,3614,19495,10249,12,759,2649,0,0,0,0,0,0,0,0,0,0
5912,5174,9354,5,10251,2246,6,1,1697,2,1767,0,0,0,0,0,0,0
1129,2225,4319,3685,2,137,5,2581,9,511,2595,0,0,0,0,0,0,0
5,3571,47,809,2919,299,306,4,129,4857,11,55,0,0,0,0,0,0
1513,2671,3609,93,4814,2342,5,231,0,0,0,0,0,0,0,0,0,0
11,1680,5,4112,821,1596,9725,5913,4,3368,56,4835,0,0,0,0,0,0
382,3843,1098,833,571,19502,7,3552,8,1240,2,792,0,0,0,0,0,0
549,9,55,461,9,4840,8,346,7488,122,381,3,74,102,0,0,0,0
4114,7,1686,2230,5484,652,10,3,126,244,0,0,0,0,0,0,0,0
5916,2498,387,5,918,5,308,7,22,15,1166,8,1161,0,0,0,0,0
714,147,9,454,38,11,494,619,1814,5930,48,1827,0,0,0,0,0,0
1385,1830,728,100,4080,3,248,4,17,19507,7,58,4905,673,0,0,0,0
3110,19509,1,924,5,893,7,4920,187,1587,1,10293,0,0,0,0,0,0
4143,3554,4361,6334,4,1116,3,2764,19,13,855,5732,0,0,0,0,0,0
4866,4,852,1668,10430,511,2,7311,40,1,2844,0,0,0,0,0,0,0
5603,1867,9,2250,1321,65,446,5,2965,4,883,0,0,0,0,0,0,0
60,9,913,19512,1529,1814,5437,48,1827,59,2408,0,0,0,0,0,0,0
1111,182,6,944,2208,7,141,3003,2921,0,0,0,0,0,0,0,0,0
1505,4929,11,3817,110,8,106,4,1503,445,265,13,268,1292,0,0,0,0
920,773,17,4964,2206,40,2242,7,4430,8,3602,0,0,0,0,0,0,0
307,1513,2671,122,381,23,2144,56,55,5,60,182,5920,7436,0,0,0,0
2323,2055,1028,4881,4,10318,68,24,822,9061,22,18285,0,0,0,0,0,0
4115,749,1860,12,640,4,808,42,2,398,9,92,0,0,0,0,0,0
315,4833,1,950,143,4,693,17,2,1087,9723,6898,1705,0,0,0,0,0
365,576,1082,4,1931,5,106,1609,10341,1,460,77,156,41,0,0,0,0
5459,19518,10309,2,2272,7,5518,4,182,14,5952,817,12,799,38,0,0,0
1292,4062,10177,70,11,3,1964,4,112,7438,980,7,485,859,0,0,0,0
315,1034,3,4363,950,143,4,2055,4086,19521,8,158,980,0,0,0,0,0
3379,2160,671,7,2401,3,512,2,366,23,621,5,233,0,0,0,0,0
17117,3210,3605,281,17,4489,18,4712,4713,0,0,0,0,0,0,0,0,0
3243,9,555,463,2347,7,3344,4,10345,12,6864,296,5,3196,0,0,0,0
460,5086,259,7440,6,9053,3,533,8,17,147,0,0,0,0,0,0,0
56,210,848,7,4861,2859,263,697,267,212,36,984,0,0,0,0,0,0
4115,2325,4108,391,2,403,160,1165,33,4,457,0,0,0,0,0,0,0
7302,20,10446,9,92,9,1491,2549,281,20,14921,0,0,0,0,0,0,0
10351,182,6,144,10393,50,33,82,3133,724,114,0,0,0,0,0,0,0
1445,10434,23,403,9,908,9,1789,1,6,10355,3,179,19,1,98,0,0
2242,4609,16,5642,2,110,9,323,4,3298,9,323,0,0,0,0,0,0
56,2833,5922,10437,8956,552,9,3616,7,1528,12,93,238,0,0,0,0,0
1,147,351,308,4484,11,1730,4,5914,533,56,527,59,0,0,0,0,0
773,182,6,2022,8,236,9,110,19,1682,7,488,10,2242,0,0,0,0
4061,18,310,4,289,2079,17,8602,29,2038,0,0,0,0,0,0,0,0
56,6258,1108,9,3203,6620,80,47,1252,18,74,38,89,2980,0,0,0,0
747,19532,1186,7,1528,132,2,213,370,300,1985,0,0,0,0,0,0,0
86,2,98,2664,1563,4924,4,3431,9633,3,2471,0,0,0,0,0,0,0
4835,11,1275,4,127,9,753,3354,7,523,0,0,0,0,0,0,0,0
92,36,125,10380,7291,146,93,244,9,55,0,0,0,0,0,0,0,0
115,5915,9,55,2555,1442,7,942,1414,824,7,694,1585,0,0,0,0,0
2018,8,106,1609,2241,5326,2628,19537,10,19538,0,0,0,0,0,0,0,0
46,84,3866,1,6870,21,3523,10431,2260,4,4857,11,809,0,0,0,0,0
987,65,16,4054,232,6,36,6,3672,1,7445,3568,0,0,0,0,0,0
7446,19540,1805,2,2244,1723,803,25,4727,0,0,0,0,0,0,0,0,0
1525,2,98,1275,19541,368,9,92,2217,56,570,2,1528,0,0,0,0,0
19542,1038,1563,10,2238,12,126,296,7,3525,4677,0,0,0,0,0,0,0
737,3,8681,2,1579,1189,19544,13,2172,21,3003,4,1207,2025,18,89,3,52
438,299,1803,9220,8,7185,4,20,10446,2,155,11,114,0,0,0,0,0
1129,2225,8860,511,2673,134,180,4625,20,182,9619,0,0,0,0,0,0,0
12,93,279,715,420,9,729,19547,8,797,0,0,0,0,0,0,0,0
55,3618,654,19549,5208,2,74,260,38,253,10,19550,2804,0,0,0,0,0
47,978,3418,2475,2,231,4905,11,5901,4,7452,10407,0,0,0,0,0,0
9732,2,4156,445,10,19553,9,4892,589,265,7453,0,0,0,0,0,0,0
6856,6,20,4751,11,1022,4008,30,122,468,3,55,0,0,0,0,0,0
1491,2061,12,202,21,2641,4484,4,567,2172,11,1508,0,0,0,0,0,0
1428,5927,17,19556,11,3713,5725,4,4361,74,249,140,10,396,1,57,0,0
11,980,2365,1417,182,72,401,24,7364,11,1333,10417,10418,0,0,0,0,0
4927,40,1,75,52,10421,238,23,143,2,170,10,1366,0,0,0,0,0
6620,12,175,345,299,3461,567,5391,12,6990,4,8,530,0,0,0,0,0
657,1196,3548,100,21,697,19560,258,17,1,2,0,0,0,0,0,0,0
4095,2,556,4,640,46,581,8,460,77,188,0,0,0,0,0,0,0
5,1492,86,25,353,2325,844,19563,0,0,0,0,0,0,0,0,0,0
92,19565,19566,1,5309,4,1141,3,69,19567,8,143,2,170,0,0,0,0
